SeqName	Color	Level_1	Level_2	Level_3	Level_4	Level_5	Level_6	Alistat_Cr	crTP	mtTP
Archaea-CandidatusBathyarchaeota-NA-NA-NA-Candidatus_Bathyarchaeota_archaeon_WP_116595623.1	#4daf4a	Archaea	CandidatusBathyarchaeota	NA	NA	NA	Candidatus_Bathyarchaeota_archaeon_WP_116595623.1	1	No	No
Archaea-CandidatusKorarchaeota-NA-NA-NA-Candidatus_Methanodesulfokores_washburnensis_WP_125671079.1	#4daf4a	Archaea	CandidatusKorarchaeota	NA	NA	NA	Candidatus_Methanodesulfokores_washburnensis_WP_125671079.1	1	No	No
Archaea-Crenarchaeota-Thermoprotei-Desulfurococcales-Pyrodictiaceae-Pyrolobus_fumarii_WP_048191523.1	#4daf4a	Archaea	Crenarchaeota	Thermoprotei	Desulfurococcales	Pyrodictiaceae	Pyrolobus_fumarii_WP_048191523.1	1	No	No
Archaea-Crenarchaeota-Thermoprotei-Sulfolobales-Sulfolobaceae-Sulfolobus_islandicus_WP_012718896.1	#4daf4a	Archaea	Crenarchaeota	Thermoprotei	Sulfolobales	Sulfolobaceae	Sulfolobus_islandicus_WP_012718896.1	1	No	No
Archaea-Euryarchaeota-Thermococci-Thermococcales-Thermococcaceae-Pyrococcus_sp._NA2_WP_013747968.1	#4daf4a	Archaea	Euryarchaeota	Thermococci	Thermococcales	Thermococcaceae	Pyrococcus_sp._NA2_WP_013747968.1	1	No	No
Archaea-Euryarchaeota-Thermococci-Thermococcales-Thermococcaceae-Thermococcus_paralvinellae_WP_042679933.1	#4daf4a	Archaea	Euryarchaeota	Thermococci	Thermococcales	Thermococcaceae	Thermococcus_paralvinellae_WP_042679933.1	1	No	No
Archaea-NA-NA-NA-NA-archaeon_AArcSl_WP_119820213.1	#4daf4a	Archaea	NA	NA	NA	NA	archaeon_AArcSl_WP_119820213.1	0.964427	No	No
Archaea-Thaumarchaeota-Nitrososphaeria-Nitrososphaerales-Nitrososphaeraceae-Candidatus_Nitrososphaera_evergladensis_WP_148700840.1	#4daf4a	Archaea	Thaumarchaeota	Nitrososphaeria	Nitrososphaerales	Nitrososphaeraceae	Candidatus_Nitrososphaera_evergladensis_WP_148700840.1	1	No	No
Archaea-Thaumarchaeota-Nitrososphaeria-Nitrososphaerales-Nitrososphaeraceae-Nitrososphaera_viennensis_WP_075054168.1	#4daf4a	Archaea	Thaumarchaeota	Nitrososphaeria	Nitrososphaerales	Nitrososphaeraceae	Nitrososphaera_viennensis_WP_075054168.1	1	No	No
Bacteria-Acidobacteria-Holophagae-NA-NA-Holophagae_bacterium_WP_116784545.1	#377eb8	Bacteria	Acidobacteria	Holophagae	NA	NA	Holophagae_bacterium_WP_116784545.1	1	No	No
Bacteria-Actinobacteria-Actinobacteria-Micrococcales-Microbacteriaceae-Hymenobacter_sp._Fur1_WP_144845485.1	#377eb8	Bacteria	Actinobacteria	Actinobacteria	Micrococcales	Microbacteriaceae	Hymenobacter_sp._Fur1_WP_144845485.1	1	No	No
Bacteria-Actinobacteria-Actinobacteria-Micrococcales-Micrococcaceae-Citricoccus_massiliensis_WP_102415309.1	#377eb8	Bacteria	Actinobacteria	Actinobacteria	Micrococcales	Micrococcaceae	Citricoccus_massiliensis_WP_102415309.1	1	No	No
Bacteria-Aquificae-Aquificae-Aquificales-Aquificaceae-Hydrogenivirga_sp._1285R11_WP_008286795.1	#377eb8	Bacteria	Aquificae	Aquificae	Aquificales	Aquificaceae	Hydrogenivirga_sp._1285R11_WP_008286795.1	1	No	No
Bacteria-Aquificae-Aquificae-Desulfurobacteriales-Desulfurobacteriaceae-Balnearium_lithotrophicum_WP_142935823.1	#377eb8	Bacteria	Aquificae	Aquificae	Desulfurobacteriales	Desulfurobacteriaceae	Balnearium_lithotrophicum_WP_142935823.1	1	No	No
Bacteria-Armatimonadetes-NA-NA-NA-Armatimonadetes_bacterium_UphvlAr1_WP_146668422.1	#377eb8	Bacteria	Armatimonadetes	NA	NA	NA	Armatimonadetes_bacterium_UphvlAr1_WP_146668422.1	1	No	No
Bacteria-Bacteroidetes-Bacteroidia-Bacteroidales-Porphyromonadaceae-Petrimonas_mucosa_WP_083373432.1	#377eb8	Bacteria	Bacteroidetes	Bacteroidia	Bacteroidales	Porphyromonadaceae	Petrimonas_mucosa_WP_083373432.1	1	No	No
Bacteria-Bacteroidetes-Bacteroidia-Bacteroidales-Porphyromonadaceae-Porphyromonadaceae_bacterium_KHP3R9_WP_092031644.1	#377eb8	Bacteria	Bacteroidetes	Bacteroidia	Bacteroidales	Porphyromonadaceae	Porphyromonadaceae_bacterium_KHP3R9_WP_092031644.1	1	No	No
Bacteria-Calditrichaeota-Calditrichae-Calditrichales-Calditrichaceae-Caldithrix_abyssi_WP_006927988.1	#377eb8	Bacteria	Calditrichaeota	Calditrichae	Calditrichales	Calditrichaceae	Caldithrix_abyssi_WP_006927988.1	1	No	No
Bacteria-CandidatusMarinimicrobia-NA-NA-NA-Candidatus_Marinimicrobia_bacterium_WP_129215040.1	#377eb8	Bacteria	CandidatusMarinimicrobia	NA	NA	NA	Candidatus_Marinimicrobia_bacterium_WP_129215040.1	1	No	No
Bacteria-Chlamydiae-Chlamydiia-Parachlamydiales-Criblamydiaceae-Criblamydia_sequanensis_WP_079977934.1	#377eb8	Bacteria	Chlamydiae	Chlamydiia	Parachlamydiales	Criblamydiaceae	Criblamydia_sequanensis_WP_079977934.1	1	No	No
Bacteria-Chlamydiae-Chlamydiia-Parachlamydiales-Waddliaceae-Waddlia_chondrophila_WP_013181446.1	#377eb8	Bacteria	Chlamydiae	Chlamydiia	Parachlamydiales	Waddliaceae	Waddlia_chondrophila_WP_013181446.1	1	No	No
Bacteria-Chloroflexi-Ktedonobacteria-Ktedonobacterales-Dictyobacteraceae-Dictyobacter_alpinus_WP_126626187.1	#377eb8	Bacteria	Chloroflexi	Ktedonobacteria	Ktedonobacterales	Dictyobacteraceae	Dictyobacter_alpinus_WP_126626187.1	1	No	No
Bacteria-Chloroflexi-Ktedonobacteria-Ktedonobacterales-Thermosporotrichaceae-Thermosporothrix_hazakensis_WP_111322316.1	#377eb8	Bacteria	Chloroflexi	Ktedonobacteria	Ktedonobacterales	Thermosporotrichaceae	Thermosporothrix_hazakensis_WP_111322316.1	1	No	No
Bacteria-Cyanobacteria-NA-Oscillatoriales-Microcoleaceae-Hydrocoleum_sp._CS953_WP_094673781.1	#377eb8	Bacteria	Cyanobacteria	NA	Oscillatoriales	Microcoleaceae	Hydrocoleum_sp._CS953_WP_094673781.1	1	No	No
Bacteria-Cyanobacteria-NA-Synechococcales-Leptolyngbyaceae-Leptolyngbya_sp._NIES2104_WP_059001645.1	#377eb8	Bacteria	Cyanobacteria	NA	Synechococcales	Leptolyngbyaceae	Leptolyngbya_sp._NIES2104_WP_059001645.1	1	No	No
Bacteria-Deferribacteres-Deferribacteres-Deferribacterales-Deferribacteraceae-Deferribacter_desulfuricans_WP_013007738.1	#377eb8	Bacteria	Deferribacteres	Deferribacteres	Deferribacterales	Deferribacteraceae	Deferribacter_desulfuricans_WP_013007738.1	1	No	No
Bacteria-Deferribacteres-Deferribacteres-Deferribacterales-Deferribacteraceae-Geovibrio_sp._L21AceBES_WP_022849734.1	#377eb8	Bacteria	Deferribacteres	Deferribacteres	Deferribacterales	Deferribacteraceae	Geovibrio_sp._L21AceBES_WP_022849734.1	1	No	No
Bacteria-Dictyoglomi-Dictyoglomia-Dictyoglomales-Dictyoglomaceae-Dictyoglomus_sp._ob14_WP_148806058.1	#377eb8	Bacteria	Dictyoglomi	Dictyoglomia	Dictyoglomales	Dictyoglomaceae	Dictyoglomus_sp._ob14_WP_148806058.1	1	No	No
Bacteria-Elusimicrobia-Elusimicrobia-Elusimicrobiales-Elusimicrobiaceae-Elusimicrobium_minutum_WP_012415200.1	#377eb8	Bacteria	Elusimicrobia	Elusimicrobia	Elusimicrobiales	Elusimicrobiaceae	Elusimicrobium_minutum_WP_012415200.1	1	No	No
Bacteria-Elusimicrobia-Endomicrobia-Endomicrobiales-Endomicrobiaceae-Endomicrobium_proavitum_WP_052570064.1	#377eb8	Bacteria	Elusimicrobia	Endomicrobia	Endomicrobiales	Endomicrobiaceae	Endomicrobium_proavitum_WP_052570064.1	1	No	No
Bacteria-Firmicutes-Clostridia-Clostridiales-NA-NA_WP_118428826.1	#377eb8	Bacteria	Firmicutes	Clostridia	Clostridiales	NA	NA_WP_118428826.1	1	No	No
Bacteria-Firmicutes-Negativicutes-Acidaminococcales-Acidaminococcaceae-NA_WP_016459547.1	#377eb8	Bacteria	Firmicutes	Negativicutes	Acidaminococcales	Acidaminococcaceae	NA_WP_016459547.1	1	No	No
Bacteria-Fusobacteria-Fusobacteriia-Fusobacteriales-Fusobacteriaceae-Fusobacterium_nucleatum_WP_029758948.1	#377eb8	Bacteria	Fusobacteria	Fusobacteriia	Fusobacteriales	Fusobacteriaceae	Fusobacterium_nucleatum_WP_029758948.1	1	No	No
Bacteria-Fusobacteria-Fusobacteriia-Fusobacteriales-Leptotrichiaceae-Leptotrichia_trevisanii_WP_026749167.1	#377eb8	Bacteria	Fusobacteria	Fusobacteriia	Fusobacteriales	Leptotrichiaceae	Leptotrichia_trevisanii_WP_026749167.1	1	No	No
Bacteria-Ignavibacteriae-Ignavibacteria-Ignavibacteriales-Ignavibacteriaceae-Ignavibacterium_album_WP_014561589.1	#377eb8	Bacteria	Ignavibacteriae	Ignavibacteria	Ignavibacteriales	Ignavibacteriaceae	Ignavibacterium_album_WP_014561589.1	1	No	No
Bacteria-Ignavibacteriae-Ignavibacteria-Ignavibacteriales-Melioribacteraceae-Melioribacter_roseus_WP_014856009.1	#377eb8	Bacteria	Ignavibacteriae	Ignavibacteria	Ignavibacteriales	Melioribacteraceae	Melioribacter_roseus_WP_014856009.1	1	No	No
Bacteria-NA-NA-NA-NA-bacterium_J102018_WP_121699322.1	#377eb8	Bacteria	NA	NA	NA	NA	bacterium_J102018_WP_121699322.1	1	No	No
Bacteria-NA-NA-NA-NA-Thermobaculum_terrenum_WP_012875313.1	#377eb8	Bacteria	NA	NA	NA	NA	Thermobaculum_terrenum_WP_012875313.1	1	No	No
Bacteria-Nitrospirae-Nitrospira-Nitrospirales-Nitrospiraceae-NA_WP_012545700.1	#377eb8	Bacteria	Nitrospirae	Nitrospira	Nitrospirales	Nitrospiraceae	NA_WP_012545700.1	1	No	No
Bacteria-Nitrospirae-Nitrospira-Nitrospirales-Nitrospiraceae-Thermodesulfovibrio_sp._N1_WP_068859864.1	#377eb8	Bacteria	Nitrospirae	Nitrospira	Nitrospirales	Nitrospiraceae	Thermodesulfovibrio_sp._N1_WP_068859864.1	1	No	No
Bacteria-Planctomycetes-NA-NA-NA-Planctomycetes_bacterium_Pan44_WP_145034065.1	#377eb8	Bacteria	Planctomycetes	NA	NA	NA	Planctomycetes_bacterium_Pan44_WP_145034065.1	1	No	No
Bacteria-Planctomycetes-Planctomycetia-Planctomycetales-Planctomycetaceae-Planctomicrobium_piriforme_WP_092055274.1	#377eb8	Bacteria	Planctomycetes	Planctomycetia	Planctomycetales	Planctomycetaceae	Planctomicrobium_piriforme_WP_092055274.1	1	No	No
Bacteria-Proteobacteria-Gammaproteobacteria-Legionellales-Coxiellaceae-Aquicella_lusitana_WP_114834943.1	#377eb8	Bacteria	Proteobacteria	Gammaproteobacteria	Legionellales	Coxiellaceae	Aquicella_lusitana_WP_114834943.1	1	No	No
Bacteria-Proteobacteria-Gammaproteobacteria-Legionellales-Coxiellaceae-Rickettsiella_grylli_WP_040615301.1	#377eb8	Bacteria	Proteobacteria	Gammaproteobacteria	Legionellales	Coxiellaceae	Rickettsiella_grylli_WP_040615301.1	1	No	No
Bacteria-Spirochaetes-Spirochaetia-Leptospirales-Leptospiraceae-Leptospira_broomii_WP_010570532.1	#377eb8	Bacteria	Spirochaetes	Spirochaetia	Leptospirales	Leptospiraceae	Leptospira_broomii_WP_010570532.1	1	No	No
Bacteria-Spirochaetes-Spirochaetia-Spirochaetales-Spirochaetaceae-Treponema_sp._J25_WP_132779430.1	#377eb8	Bacteria	Spirochaetes	Spirochaetia	Spirochaetales	Spirochaetaceae	Treponema_sp._J25_WP_132779430.1	1	No	No
Bacteria-Thermodesulfobacteria-Thermodesulfobacteria-Thermodesulfobacteriales-Thermodesulfobacteriaceae-Caldimicrobium_thiodismutans_WP_082706337.1	#377eb8	Bacteria	Thermodesulfobacteria	Thermodesulfobacteria	Thermodesulfobacteriales	Thermodesulfobacteriaceae	Caldimicrobium_thiodismutans_WP_082706337.1	1	No	No
Bacteria-Thermodesulfobacteria-Thermodesulfobacteria-Thermodesulfobacteriales-Thermodesulfobacteriaceae-Thermosulfurimonas_dismutans_WP_068670933.1	#377eb8	Bacteria	Thermodesulfobacteria	Thermodesulfobacteria	Thermodesulfobacteriales	Thermodesulfobacteriaceae	Thermosulfurimonas_dismutans_WP_068670933.1	1	No	No
Bacteria-Verrucomicrobia-Verrucomicrobiae-Verrucomicrobiales-Akkermansiaceae-Akkermansia_muciniphila_WP_102721900.1	#377eb8	Bacteria	Verrucomicrobia	Verrucomicrobiae	Verrucomicrobiales	Akkermansiaceae	Akkermansia_muciniphila_WP_102721900.1	0.996047	No	No
Bacteria-Verrucomicrobia-Verrucomicrobiae-Verrucomicrobiales-Verrucomicrobiaceae-Brevifollis_gellanilyticus_WP_146854593.1	#377eb8	Bacteria	Verrucomicrobia	Verrucomicrobiae	Verrucomicrobiales	Verrucomicrobiaceae	Brevifollis_gellanilyticus_WP_146854593.1	1	No	No
Eukaryota-Acytosteliales-Acytosteliales-Acytosteliales-Acytosteliaceae-Heterostelium_album_XP_020433889.1	#f781bf	Eukaryota	Acytosteliales	Acytosteliales	Acytosteliales	Acytosteliaceae	Heterostelium_album_XP_020433889.1	1	No	No
Eukaryota-Acytosteliales-Acytosteliales-Acytosteliales-Cavenderiaceae-Cavenderia_fasciculata_XP_004361697.1	#f781bf	Eukaryota	Acytosteliales	Acytosteliales	Acytosteliales	Cavenderiaceae	Cavenderia_fasciculata_XP_004361697.1	1	No	No
Eukaryota-Alveolata-Dinophyceae-NA-Unranked-Alexandrium_tamarense_MMETSP0382_c10746_g1_i1.p1	#f781bf	Eukaryota	Alveolata	Dinophyceae	NA	Unranked	Alexandrium_tamarense_MMETSP0382_c10746_g1_i1.p1	1	No	No
Eukaryota-Alveolata-Dinophyceae-NA-Unranked-Symbiodinium_sp_MMETSP1367_c12140_g1_i1.p1	#f781bf	Eukaryota	Alveolata	Dinophyceae	NA	Unranked	Symbiodinium_sp_MMETSP1367_c12140_g1_i1.p1	1	No	No
Eukaryota-Amoebozoa-NA-NA-Paramoebidae-Mayorella_sp_MMETSP0417_c4575_g2_i2.p1	#f781bf	Eukaryota	Amoebozoa	NA	NA	Paramoebidae	Mayorella_sp_MMETSP0417_c4575_g2_i2.p1	1	No	No
Eukaryota-Amoebozoa-NA-NA-Paramoebidae-Paramoeba_atlantica_MMETSP0151_c2736_g1_i1.p1	#f781bf	Eukaryota	Amoebozoa	NA	NA	Paramoebidae	Paramoeba_atlantica_MMETSP0151_c2736_g1_i1.p1	1	No	No
Eukaryota-Annelida-Clitellata-Hirudinida-Glossiphoniidae-Helobdella_robusta_jgi186717	#f781bf	Eukaryota	Annelida	Clitellata	Hirudinida	Glossiphoniidae	Helobdella_robusta_jgi186717	0.976285	No	No
Eukaryota-Apicomplexa-Aconoidasida-Piroplasmida-Theileriidae-Theileria_equi_XP_004831446.1	#f781bf	Eukaryota	Apicomplexa	Aconoidasida	Piroplasmida	Theileriidae	Theileria_equi_XP_004831446.1	1	No	No
Eukaryota-Apicomplexa-Conoidasida-Eucoccidiorida-Sarcocystidae-Besnoitia_besnoiti_XP_029221024.1	#f781bf	Eukaryota	Apicomplexa	Conoidasida	Eucoccidiorida	Sarcocystidae	Besnoitia_besnoiti_XP_029221024.1	1	No	No
Eukaryota-Arthropoda-Collembola-Entomobryomorpha-Isotomidae-Folsomia_candida_XP_021967975.1	#f781bf	Eukaryota	Arthropoda	Collembola	Entomobryomorpha	Isotomidae	Folsomia_candida_XP_021967975.1	1	No	No
Eukaryota-Arthropoda-Malacostraca-Decapoda-Penaeidae-Penaeus_vannamei_XP_027221633.1	#f781bf	Eukaryota	Arthropoda	Malacostraca	Decapoda	Penaeidae	Penaeus_vannamei_XP_027221633.1	1	No	No
Eukaryota-Ascomycota-Saccharomycetes-Saccharomycetales-Debaryomycetaceae-Candida_viswanathii_XP_026591615.1	#f781bf	Eukaryota	Ascomycota	Saccharomycetes	Saccharomycetales	Debaryomycetaceae	Candida_viswanathii_XP_026591615.1	1	No	No
Eukaryota-Ascomycota-Saccharomycetes-Saccharomycetales-Debaryomycetaceae-Meyerozyma_guilliermondii_XP_001486309.1	#f781bf	Eukaryota	Ascomycota	Saccharomycetes	Saccharomycetales	Debaryomycetaceae	Meyerozyma_guilliermondii_XP_001486309.1	1	No	No
Eukaryota-Basidiomycota-Agaricomycetes-Agaricales-Schizophyllaceae-Schizophyllum_commune_XP_003030885.1	#f781bf	Eukaryota	Basidiomycota	Agaricomycetes	Agaricales	Schizophyllaceae	Schizophyllum_commune_XP_003030885.1	1	No	No
Eukaryota-Basidiomycota-Agaricomycetes-Boletales-Coniophoraceae-Coniophora_puteana_XP_007772204.1	#f781bf	Eukaryota	Basidiomycota	Agaricomycetes	Boletales	Coniophoraceae	Coniophora_puteana_XP_007772204.1	1	No	No
Eukaryota-Brachiopoda-Lingulata-Lingulida-Lingulidae-Lingula_anatina_XP_023932711.1	#f781bf	Eukaryota	Brachiopoda	Lingulata	Lingulida	Lingulidae	Lingula_anatina_XP_023932711.1	1	No	No
Eukaryota-Cercozoa-Chlorarachniophyceae-NA-NA-Chlorarachnion_reptans_MMETSP0109_c18999_g1_i1.p1	#f781bf	Eukaryota	Cercozoa	Chlorarachniophyceae	NA	NA	Chlorarachnion_reptans_MMETSP0109_c18999_g1_i1.p1	1	No	No
Eukaryota-Cercozoa-Chlorarachniophyceae-NA-NA-Lotharella_globosa_MMETSP0041_c722_g1_i1.p1	#f781bf	Eukaryota	Cercozoa	Chlorarachniophyceae	NA	NA	Lotharella_globosa_MMETSP0041_c722_g1_i1.p1	1	No	No
Eukaryota-Cercozoa-NA-Euglyphida-Paulinellidae-Paulinella_chromatophora_scaffold195-size5880_m.4707	#e41a1c	Eukaryota	Cercozoa	NA	Euglyphida	Paulinellidae	Paulinella_chromatophora_scaffold195	0.881423	No	No
Eukaryota-Chlorophyta-NA-NA-NA-Tetraselmis_sp_MMETSP0419_c18510_g1_i1.p1	#f781bf	Eukaryota	Chlorophyta	NA	NA	NA	Tetraselmis_sp_MMETSP0419_c18510_g1_i1.p1	1	No	No
Eukaryota-Chlorophyta-Trebouxiophyceae-Chlorellales-Chlorellaceae-Chlorella_vulgaris_jgi80979	#f781bf	Eukaryota	Chlorophyta	Trebouxiophyceae	Chlorellales	Chlorellaceae	Chlorella_vulgaris_jgi80979	1	No	No
Eukaryota-Choanoflagellata-Choanoflagellata-Choanoflagellata-NA-Acanthoeca_sp_MMETSP0105_c3403_g1_i1.p1	#f781bf	Eukaryota	Choanoflagellata	Choanoflagellata	Choanoflagellata	NA	Acanthoeca_sp_MMETSP0105_c3403_g1_i1.p1	1	No	No
Eukaryota-Choanoflagellata-Choanoflagellata-Choanoflagellata-Salpingoecidae-Salpingoeca_rosetta_XP_004998494.1	#f781bf	Eukaryota	Choanoflagellata	Choanoflagellata	Choanoflagellata	Salpingoecidae	Salpingoeca_rosetta_XP_004998494.1	1	No	No
Eukaryota-Chordata-Actinopteri-Semionotiformes-Lepisosteidae-Lepisosteus_oculatus_XP_006625819.2	#f781bf	Eukaryota	Chordata	Actinopteri	Semionotiformes	Lepisosteidae	Lepisosteus_oculatus_XP_006625819.2	1	No	No
Eukaryota-Chordata-NA-NA-Branchiostomidae-Branchiostoma_belcheri_XP_019639045.1	#f781bf	Eukaryota	Chordata	NA	NA	Branchiostomidae	Branchiostoma_belcheri_XP_019639045.1	1	No	No
Eukaryota-Chromeraceae-NA-NA-NA-Chromera_velia_MMETSP0290_c2102_g1_i1.p1	#f781bf	Eukaryota	Chromeraceae	NA	NA	NA	Chromera_velia_MMETSP0290_c2102_g1_i1.p1	1	No	No
Eukaryota-Chromeraceae-NA-NA-NA-Vitrella_brassicaformis_MMETSP1451_c36845_g1_i1.p1	#f781bf	Eukaryota	Chromeraceae	NA	NA	NA	Vitrella_brassicaformis_MMETSP1451_c36845_g1_i1.p1	1	No	No
Eukaryota-Chytridiomycota-Chytridiomycetes-Rhizophydiales-NA-Batrachochytrium_dendrobatidis_jgi29998	#f781bf	Eukaryota	Chytridiomycota	Chytridiomycetes	Rhizophydiales	NA	Batrachochytrium_dendrobatidis_jgi29998	0.972332	No	No
Eukaryota-Chytridiomycota-Chytridiomycetes-Spizellomycetales-Spizellomycetaceae-Spizellomyces_punctatus_XP_016604812.1	#f781bf	Eukaryota	Chytridiomycota	Chytridiomycetes	Spizellomycetales	Spizellomycetaceae	Spizellomyces_punctatus_XP_016604812.1	1	No	No
Eukaryota-Ciliophora-NA-Unranked-NA-Myrionecta_rubra_MMETSP0798_c9464_g1_i1.p1	#f781bf	Eukaryota	Ciliophora	NA	Unranked	NA	Myrionecta_rubra_MMETSP0798_c9464_g1_i1.p1	1	No	No
Eukaryota-Ciliophora-NA-Unranked-NA-Tiarina_fusus_MMETSP0472_c11584_g1_i2.p1	#f781bf	Eukaryota	Ciliophora	NA	Unranked	NA	Tiarina_fusus_MMETSP0472_c11584_g1_i2.p1	1	No	No
Eukaryota-Cnidaria-Anthozoa-Alcyonacea-Nephtheidae-Dendronephthya_gigantea_XP_028393072.1	#f781bf	Eukaryota	Cnidaria	Anthozoa	Alcyonacea	Nephtheidae	Dendronephthya_gigantea_XP_028393072.1	1	No	No
Eukaryota-Cnidaria-Anthozoa-Scleractinia-Pocilloporidae-Stylophora_pistillata_XP_022798866.1	#f781bf	Eukaryota	Cnidaria	Anthozoa	Scleractinia	Pocilloporidae	Stylophora_pistillata_XP_022798866.1	1	No	No
Eukaryota-Cryptophyta-NA-Cryptomonadales-NA-Hanusia_phi_MMETSP1048_c3399_g1_i1.p1	#f781bf	Eukaryota	Cryptophyta	NA	Cryptomonadales	NA	Hanusia_phi_MMETSP1048_c3399_g1_i1.p1	1	No	No
Eukaryota-Cryptophyta-NA-Pyrenomonadales-Geminigeraceae-Guillardia_theta_CCMP2712_jgi97833	#f781bf	Eukaryota	Cryptophyta	NA	Pyrenomonadales	Geminigeraceae	Guillardia_theta_CCMP2712_jgi97833	1	No	No
Eukaryota-Dictyosteliales-Dictyosteliales-Dictyosteliales-Dictyosteliaceae-Dictyostelium_discoideum_XP_643196.1	#f781bf	Eukaryota	Dictyosteliales	Dictyosteliales	Dictyosteliales	Dictyosteliaceae	Dictyostelium_discoideum_XP_643196.1	1	No	No
Eukaryota-Echinodermata-Asteroidea-Valvatida-Acanthasteridae-Acanthaster_planci_XP_022109258.1	#f781bf	Eukaryota	Echinodermata	Asteroidea	Valvatida	Acanthasteridae	Acanthaster_planci_XP_022109258.1	1	No	No
Eukaryota-Echinodermata-Echinoidea-Echinoida-Strongylocentrotidae-Strongylocentrotus_purpuratus_XP_011680215.1	#f781bf	Eukaryota	Echinodermata	Echinoidea	Echinoida	Strongylocentrotidae	Strongylocentrotus_purpuratus_XP_011680215.1	1	No	No
Eukaryota-Euglenida-NA-Eutreptiales-NA-Eutreptiella_gymnastica_MMETSP0039_c25447_g1_i1.p1	#f781bf	Eukaryota	Euglenida	NA	Eutreptiales	NA	Eutreptiella_gymnastica_MMETSP0039_c25447_g1_i1.p1	1	No	No
Eukaryota-Euglenida-NA-NA-Unranked-Neobodo_designis_MMETSP1114_c10050_g1_i1.p1	#f781bf	Eukaryota	Euglenida	NA	NA	Unranked	Neobodo_designis_MMETSP1114_c10050_g1_i1.p1	1	No	No
Eukaryota-Fonticulida-Fonticulida-Fonticulida-Fonticulaceae-Fonticula_alba_XP_009492289.1	#f781bf	Eukaryota	Fonticulida	Fonticulida	Fonticulida	Fonticulaceae	Fonticula_alba_XP_009492289.1	1	No	No
Eukaryota-Glaucophyta-Glaucophyta-Gloeochaetales-Gloeochaetaceae-Gloeochaete_witrockiana_MMETSP0308_c36267_g1_i1.p1	#f781bf	Eukaryota	Glaucophyta	Glaucophyta	Gloeochaetales	Gloeochaetaceae	Gloeochaete_witrockiana_MMETSP0308_c36267_g1_i1.p1	0.833992	No	No
Eukaryota-Glaucophyta-Glaucophyta-NA-Cyanophoraceae-Cyanophora_paradoxa_tig00021319_g20198.t1	#f781bf	Eukaryota	Glaucophyta	Glaucophyta	NA	Cyanophoraceae	Cyanophora_paradoxa_tig00021319_g20198.t1	1	No	No
Eukaryota-Haptophyta-NA-Prymnesiales-NA-Chrysochromulina_ericina_MMETSP1096_c6687_g1_i1.p1	#f781bf	Eukaryota	Haptophyta	NA	Prymnesiales	NA	Chrysochromulina_ericina_MMETSP1096_c6687_g1_i1.p1	1	No	No
Eukaryota-Haptophyta-NA-Prymnesiales-NA-Pleurochrysis_carterae_MMETSP1136_c9171_g1_i1.p1	#f781bf	Eukaryota	Haptophyta	NA	Prymnesiales	NA	Pleurochrysis_carterae_MMETSP1136_c9171_g1_i1.p1	1	No	No
Eukaryota-Hemichordata-Enteropneusta-NA-Harrimaniidae-Saccoglossus_kowalevskii_XP_006819567.1	#f781bf	Eukaryota	Hemichordata	Enteropneusta	NA	Harrimaniidae	Saccoglossus_kowalevskii_XP_006819567.1	1	No	No
Eukaryota-Heterolobosea-NA-NA-Vahlkampfiidae-Naegleria_gruberi_jgi59636	#f781bf	Eukaryota	Heterolobosea	NA	NA	Vahlkampfiidae	Naegleria_gruberi_jgi59636	1	No	No
Eukaryota-Kinetoplastida-Kinetoplastida-Kinetoplastida-Trypanosomatidae-Leptomonas_pyrrhocoris_XP_015656294.1	#f781bf	Eukaryota	Kinetoplastida	Kinetoplastida	Kinetoplastida	Trypanosomatidae	Leptomonas_pyrrhocoris_XP_015656294.1	1	No	No
Eukaryota-Kinetoplastida-Kinetoplastida-Kinetoplastida-Trypanosomatidae-Trypanosoma_conorhini_XP_029224504.1	#f781bf	Eukaryota	Kinetoplastida	Kinetoplastida	Kinetoplastida	Trypanosomatidae	Trypanosoma_conorhini_XP_029224504.1	1	No	No
Eukaryota-Longamoebia-Longamoebia-Longamoebia-Acanthamoebidae-Acanthamoeba_castellanii_XP_004341545.1	#f781bf	Eukaryota	Longamoebia	Longamoebia	Longamoebia	Acanthamoebidae	Acanthamoeba_castellanii_XP_004341545.1	1	No	No
Eukaryota-Mesomycetozoea-Ichthyosporea-Ichthyophonida-NA-Sphaeroforma_arctica_XP_014157812.1	#f781bf	Eukaryota	Mesomycetozoea	Ichthyosporea	Ichthyophonida	NA	Sphaeroforma_arctica_XP_014157812.1	1	No	No
Eukaryota-Mesomycetozoea-Ichthyosporea-NA-NA-Capsaspora_owczarzaki_XP_004346899.2	#f781bf	Eukaryota	Mesomycetozoea	Ichthyosporea	NA	NA	Capsaspora_owczarzaki_XP_004346899.2	1	No	No
Eukaryota-Mollusca-Bivalvia-Ostreoida-Ostreidae-Crassostrea_virginica_XP_022339234.1	#f781bf	Eukaryota	Mollusca	Bivalvia	Ostreoida	Ostreidae	Crassostrea_virginica_XP_022339234.1	1	No	No
Eukaryota-Mollusca-Gastropoda-NA-Lottiidae-Lottia_gigantea_jgi137874	#f781bf	Eukaryota	Mollusca	Gastropoda	NA	Lottiidae	Lottia_gigantea_jgi137874	1	No	No
Eukaryota-Mucorales-Mucoraceae-Undefined-Undefined-Mucor_circinelloides_jgi74513	#f781bf	Eukaryota	Mucorales	Mucoraceae	Undefined	Undefined	Mucor_circinelloides_jgi74513	1	No	No
Eukaryota-Mucoromycota-Glomeromycetes-Glomerales-Glomeraceae-Rhizophagus_irregularis_XP_025187494.1	#f781bf	Eukaryota	Mucoromycota	Glomeromycetes	Glomerales	Glomeraceae	Rhizophagus_irregularis_XP_025187494.1	1	No	No
Eukaryota-Mucoromycota-Mucoromycetes-Mucorales-Phycomycetaceae-Phycomyces_blakesleeanus_jgi25435	#f781bf	Eukaryota	Mucoromycota	Mucoromycetes	Mucorales	Phycomycetaceae	Phycomyces_blakesleeanus_jgi25435	1	No	No
Eukaryota-Nematoda-Chromadorea-Rhabditida-Rhabditidae-Caenorhabditis_remanei_XP_003116813.1	#f781bf	Eukaryota	Nematoda	Chromadorea	Rhabditida	Rhabditidae	Caenorhabditis_remanei_XP_003116813.1	1	No	No
Eukaryota-Nematoda-Chromadorea-Strongylida-Ancylostomatidae-Necator_americanus_XP_013304238.1	#f781bf	Eukaryota	Nematoda	Chromadorea	Strongylida	Ancylostomatidae	Necator_americanus_XP_013304238.1	1	No	No
Eukaryota-Perkinsozoa-NA-Perkinsida-Perkinsidae-Perkinsus_marinus_XP_002784057.1	#f781bf	Eukaryota	Perkinsozoa	NA	Perkinsida	Perkinsidae	Perkinsus_marinus_XP_002784057.1	1	No	No
Eukaryota-Placozoa-NA-NA-Trichoplacidae-Trichoplax_adhaerens_XP_002115431.1	#f781bf	Eukaryota	Placozoa	NA	NA	Trichoplacidae	Trichoplax_adhaerens_XP_002115431.1	1	No	No
Eukaryota-Platyhelminthes-Trematoda-Strigeidida-Schistosomatidae-Schistosoma_mansoni_XP_018650997.1	#f781bf	Eukaryota	Platyhelminthes	Trematoda	Strigeidida	Schistosomatidae	Schistosoma_mansoni_XP_018650997.1	0.632411	No	No
Eukaryota-Porifera-Demospongiae-Haplosclerida-Niphatidae-Amphimedon_queenslandica_XP_019849014.1	#f781bf	Eukaryota	Porifera	Demospongiae	Haplosclerida	Niphatidae	Amphimedon_queenslandica_XP_019849014.1	1	No	No
Eukaryota-Priapulida-Priapulimorpha-Priapulimorphida-Priapulidae-Priapulus_caudatus_XP_014667039.1	#f781bf	Eukaryota	Priapulida	Priapulimorpha	Priapulimorphida	Priapulidae	Priapulus_caudatus_XP_014667039.1	0.924901	No	No
Eukaryota-Retaria-NA-NA-NA-Rosalina_sp_MMETSP0190_c20689_g1_i1.p1	#f781bf	Eukaryota	Retaria	NA	NA	NA	Rosalina_sp_MMETSP0190_c20689_g1_i1.p1	1	No	No
Eukaryota-Retaria-NA-NA-NA-Sorites_sp_MMETSP0191_c23019_g1_i1.p1	#f781bf	Eukaryota	Retaria	NA	NA	NA	Sorites_sp_MMETSP0191_c23019_g1_i1.p1	1	No	No
Eukaryota-Rhodophyta-Bangiophyceae-Cyanidiales-Cyanidiaceae-Cyanidioschyzon_merolae_CmerSOOS_G3501.1	#f781bf	Eukaryota	Rhodophyta	Bangiophyceae	Cyanidiales	Cyanidiaceae	Cyanidioschyzon_merolae_CmerSOOS_G3501.1	1	No	No
Eukaryota-Rhodophyta-Bangiophyceae-Cyanidiales-Cyanidiaceae-Galdieria_phlegrea_GphlegSOOS_G268.1	#f781bf	Eukaryota	Rhodophyta	Bangiophyceae	Cyanidiales	Cyanidiaceae	Galdieria_phlegrea_GphlegSOOS_G268.1	1	No	No
Eukaryota-Stramenopiles-Labyrinthulomycetes-Unranked-Unranked-Aplanochytrium_kerguelense_jgi74984	#f781bf	Eukaryota	Stramenopiles	Labyrinthulomycetes	Unranked	Unranked	Aplanochytrium_kerguelense_jgi74984	1	No	No
Eukaryota-Stramenopiles-NA-Bicosoecida-Cafeteriaceae-Cafeteria_sp_MMETSP1104_c1208_g1_i1.p1	#f781bf	Eukaryota	Stramenopiles	NA	Bicosoecida	Cafeteriaceae	Cafeteria_sp_MMETSP1104_c1208_g1_i1.p1	1	No	No
Eukaryota-Streptophyta-NA-Fagales-Fagaceae-Quercus_suber_XP_023883116.1	#f781bf	Eukaryota	Streptophyta	NA	Fagales	Fagaceae	Quercus_suber_XP_023883116.1	1	No	No
Eukaryota-Streptophyta-NA-Myrtales-Myrtaceae-Rhodamnia_argentea_XP_030541637.1	#f781bf	Eukaryota	Streptophyta	NA	Myrtales	Myrtaceae	Rhodamnia_argentea_XP_030541637.1	1	No	No
MSTRG.13416.1.p1	#e41a1c	NA	NA	NA	NA	NA	MSTRG.13416.1.p1	1	No	No
Viruses-NA-NA-NA-NA-Halovirus_HGTV1_YP_008059249.1	#a65628	Viruses	NA	NA	NA	NA	Halovirus_HGTV1_YP_008059249.1	0.964427	No	No
